{"cameraMode":{"drawMode":0,"name":"Shaded","section":"Shading Mode"},"sceneLighting":false,"audioPlay":false,"sceneViewState":{"showFog":true,"showMaterialUpdate":false,"showSkybox":false,"showFlares":true,"showImageEffects":true,"showParticleSystems":true},"in2DMode":false,"pivot":{"x":-3.9340784549713136,"y":0.5028701424598694,"z":1.010932445526123},"rotation":{"x":0.07100922614336014,"y":-0.09560814499855042,"z":0.0068380702286958698,"w":0.9928597807884216},"size":1.424781084060669,"orthographic":false}