{"cameraMode":{"drawMode":0,"name":"Shaded","section":"Shading Mode"},"sceneLighting":true,"audioPlay":false,"sceneViewState":{"showFog":true,"showMaterialUpdate":false,"showSkybox":true,"showFlares":true,"showImageEffects":true,"showParticleSystems":true},"in2DMode":false,"pivot":{"x":0.650688648223877,"y":0.42004844546318056,"z":9.966283798217774},"rotation":{"x":0.11875325441360474,"y":0.07736662030220032,"z":-0.009281408041715622,"w":0.9898650050163269},"size":8.91970157623291,"orthographic":false}