{"cameraMode":{"drawMode":0,"name":"Shaded","section":"Shading Mode"},"sceneLighting":true,"audioPlay":false,"sceneViewState":{"showFog":true,"showMaterialUpdate":false,"showSkybox":false,"showFlares":true,"showImageEffects":true,"showParticleSystems":true},"in2DMode":false,"pivot":{"x":0.0,"y":2.6599998474121095,"z":1.059999704360962},"rotation":{"x":0.28324276208877566,"y":0.037391338497400287,"z":-0.011050884611904621,"w":0.9582569003105164},"size":40.010372161865237,"orthographic":false}