{"cameraMode":{"drawMode":0,"name":"Shaded","section":"Shading Mode"},"sceneLighting":false,"audioPlay":false,"sceneViewState":{"showFog":true,"showMaterialUpdate":false,"showSkybox":false,"showFlares":true,"showImageEffects":true,"showParticleSystems":true},"in2DMode":false,"pivot":{"x":360.0,"y":640.3900146484375,"z":0.9699993133544922},"rotation":{"x":0.15624667704105378,"y":0.010370937176048756,"z":-0.0016407218063250185,"w":0.9876624345779419},"size":233.34524536132813,"orthographic":false}