{"cameraMode":{"drawMode":0,"name":"Shaded","section":"Shading Mode"},"sceneLighting":true,"audioPlay":false,"sceneViewState":{"showFog":true,"showMaterialUpdate":false,"showSkybox":true,"showFlares":true,"showImageEffects":true,"showParticleSystems":true},"in2DMode":false,"pivot":{"x":-3.658827781677246,"y":-1.1718699932098389,"z":7.053330898284912},"rotation":{"x":-0.10054437071084976,"y":0.7405552268028259,"z":-0.11374011635780335,"w":-0.6546294689178467},"size":8.137504577636719,"orthographic":false}