{"cameraMode":{"drawMode":0,"name":"Shaded","section":"Shading Mode"},"sceneLighting":false,"audioPlay":false,"sceneViewState":{"showFog":true,"showMaterialUpdate":false,"showSkybox":false,"showFlares":true,"showImageEffects":true,"showParticleSystems":true},"in2DMode":false,"pivot":{"x":-3.3894433975219728,"y":0.5555101633071899,"z":0.13337624073028565},"rotation":{"x":0.07646513730287552,"y":0.4307068884372711,"z":-0.03665471449494362,"w":0.8985027074813843},"size":1.700780987739563,"orthographic":false}