{"cameraMode":{"drawMode":0,"name":"Shaded","section":"Shading Mode"},"sceneLighting":false,"audioPlay":false,"sceneViewState":{"showFog":true,"showMaterialUpdate":false,"showSkybox":false,"showFlares":true,"showImageEffects":true,"showParticleSystems":true},"in2DMode":false,"pivot":{"x":1.14990234375,"y":-1.2880859375,"z":0.9732437133789063},"rotation":{"x":0.5621026158332825,"y":0.4331483542919159,"z":-0.544502854347229,"w":0.4471483528614044},"size":3.0007052421569826,"orthographic":true}